[
  {
    "_id": {
      "$oid": "6528b96ff5a2afa19fe70018"
    },
    "author": {
      "$oid": "6527ecf7577ff95a96133786"
    },
    "imageUrl": "http://res.cloudinary.com/djlpbc9dz/image/upload/v1697167726/upload/nuq1vfisbtfcl4ebsnzr.jpg",
    "text": "Test",
    "likes": [],
    "createdAt": {
      "$date": "2023-10-13T03:28:47.450Z"
    },
    "updatedAt": {
      "$date": "2023-10-13T03:28:47.450Z"
    },
    "__v": 0
  },
  {
    "_id": {
      "$oid": "6528cad6d6bb741c58abd8fb"
    },
    "author": {
      "$oid": "6527ecf7577ff95a96133786"
    },
    "imageUrl": "http://res.cloudinary.com/djlpbc9dz/image/upload/v1697172180/upload/nylfnq5gmnbxqbazb5ac.jpg",
    "text": "Second Post",
    "likes": [],
    "createdAt": {
      "$date": "2023-10-13T04:43:02.321Z"
    },
    "updatedAt": {
      "$date": "2023-10-13T04:43:02.321Z"
    },
    "__v": 0
  },
  {
    "_id": {
      "$oid": "6528eb9b92a2ffe81a6f0a41"
    },
    "author": {
      "$oid": "6527ecf7577ff95a96133786"
    },
    "imageUrl": "http://res.cloudinary.com/djlpbc9dz/image/upload/v1697180569/upload/fe2petkg4xvnphq1xqfz.png",
    "text": "Hello, this is Amir.",
    "likes": [],
    "createdAt": {
      "$date": "2023-10-13T07:02:51.788Z"
    },
    "updatedAt": {
      "$date": "2023-10-13T07:02:51.788Z"
    },
    "__v": 0
  },
  {
    "_id": {
      "$oid": "6528f60f4a4729db7aaebe63"
    },
    "author": {
      "$oid": "6528f57f4a4729db7aaebe45"
    },
    "imageUrl": "http://res.cloudinary.com/djlpbc9dz/image/upload/v1697183246/upload/dfbaurmzjogt9235nqkp.jpg",
    "text": "Sample post",
    "likes": [],
    "createdAt": {
      "$date": "2023-10-13T07:47:27.603Z"
    },
    "updatedAt": {
      "$date": "2023-10-13T07:47:27.603Z"
    },
    "__v": 0
  },
  {
    "_id": {
      "$oid": "652b33517cb1e76126b5dfdf"
    },
    "author": {
      "$oid": "6527ecf7577ff95a96133786"
    },
    "imageUrl": "http://res.cloudinary.com/djlpbc9dz/image/upload/v1697330000/upload/dutwvu809h59x1riakux.webp",
    "text": "Hello, this is Amir",
    "likes": [],
    "createdAt": {
      "$date": "2023-10-15T00:33:21.619Z"
    },
    "updatedAt": {
      "$date": "2023-10-15T00:33:21.619Z"
    },
    "__v": 0
  },
  {
    "_id": {
      "$oid": "652b47a0e17d421414e86759"
    },
    "author": {
      "$oid": "6527ecf7577ff95a96133786"
    },
    "imageUrl": "http://res.cloudinary.com/djlpbc9dz/image/upload/v1697335199/upload/jow4nve5pz6lcab1ehxl.webp",
    "text": "We are so in it to win it",
    "likes": [],
    "createdAt": {
      "$date": "2023-10-15T02:00:00.640Z"
    },
    "updatedAt": {
      "$date": "2023-10-15T02:00:00.640Z"
    },
    "__v": 0
  },
  {
    "_id": {
      "$oid": "652b47a6e17d421414e8675c"
    },
    "author": {
      "$oid": "6527ecf7577ff95a96133786"
    },
    "imageUrl": "http://res.cloudinary.com/djlpbc9dz/image/upload/v1697335205/upload/lgplzbh2qmmc54gptlpb.webp",
    "text": "We are so in it to win it",
    "likes": [],
    "createdAt": {
      "$date": "2023-10-15T02:00:06.639Z"
    },
    "updatedAt": {
      "$date": "2023-10-15T02:00:06.639Z"
    },
    "__v": 0
  },
  {
    "_id": {
      "$oid": "652b524d68f33c121658d166"
    },
    "author": {
      "$oid": "6527ecf7577ff95a96133786"
    },
    "imageUrl": "http://res.cloudinary.com/djlpbc9dz/image/upload/v1697337932/upload/sifixnwyqzamcnlmqnaq.jpg",
    "text": "Quran ",
    "likes": [],
    "createdAt": {
      "$date": "2023-10-15T02:45:33.430Z"
    },
    "updatedAt": {
      "$date": "2023-10-15T02:45:33.430Z"
    },
    "__v": 0
  },
  {
    "_id": {
      "$oid": "652c7db1ffba0fdcb5f1aaf5"
    },
    "author": {
      "$oid": "6527ecf7577ff95a96133786"
    },
    "imageUrl": "http://res.cloudinary.com/djlpbc9dz/image/upload/v1697414575/upload/ju9vimbbs5tirwi1v1mr.jpg",
    "text": "gfsdgfdg",
    "likes": [],
    "createdAt": {
      "$date": "2023-10-16T00:02:57.171Z"
    },
    "updatedAt": {
      "$date": "2023-10-16T00:02:57.171Z"
    },
    "__v": 0
  },
  {
    "_id": {
      "$oid": "652c7e619616bd62241b00d4"
    },
    "author": {
      "$oid": "6527ecf7577ff95a96133786"
    },
    "imageUrl": "http://res.cloudinary.com/djlpbc9dz/image/upload/v1697414750/upload/mqseuwnhiz71ot5hwlje.jpg",
    "text": "Test again",
    "likes": [],
    "createdAt": {
      "$date": "2023-10-16T00:05:53.565Z"
    },
    "updatedAt": {
      "$date": "2023-10-16T00:05:53.565Z"
    },
    "__v": 0
  },
  {
    "_id": {
      "$oid": "652e091e67419cd62865fea6"
    },
    "author": {
      "$oid": "652ac74336bbdce045e5f842"
    },
    "imageUrl": "http://res.cloudinary.com/djlpbc9dz/image/upload/v1697515794/upload/s9dxxccq0oc6getclbde.jpg",
    "text": "I am inactive user",
    "likes": [],
    "createdAt": {
      "$date": "2023-10-17T04:10:06.675Z"
    },
    "updatedAt": {
      "$date": "2023-10-17T04:10:06.675Z"
    },
    "__v": 0
  },
  {
    "_id": {
      "$oid": "652e0c39598450891a05f85e"
    },
    "author": {
      "$oid": "652ac74336bbdce045e5f842"
    },
    "imageUrl": "http://res.cloudinary.com/djlpbc9dz/image/upload/v1697516600/upload/qjaekviszucxvrjmkrbb.jpg",
    "text": "I am inactive",
    "likes": [],
    "createdAt": {
      "$date": "2023-10-17T04:23:21.380Z"
    },
    "updatedAt": {
      "$date": "2023-10-17T04:23:21.380Z"
    },
    "__v": 0
  },
  {
    "_id": {
      "$oid": "652ff0d009a278903d667667"
    },
    "author": {
      "$oid": "652d8b306965cedc287ee66d"
    },
    "imageUrl": "http://res.cloudinary.com/djlpbc9dz/image/upload/v1697640655/upload/hbscxbfornmv2xmculqv.jpg",
    "text": "সাদের ঝালমুড়ি ",
    "likes": [],
    "createdAt": {
      "$date": "2023-10-18T14:50:56.834Z"
    },
    "updatedAt": {
      "$date": "2023-10-18T14:50:56.834Z"
    },
    "__v": 0
  },
  {
    "_id": {
      "$oid": "652ff8b806475c3affb98d3a"
    },
    "author": {
      "$oid": "652ff5e206475c3affb98cc7"
    },
    "imageUrl": "http://res.cloudinary.com/djlpbc9dz/image/upload/v1697642679/upload/nv2tdtkxpff0royojpx2.jpg",
    "text": "Hr riaj",
    "likes": [],
    "createdAt": {
      "$date": "2023-10-18T15:24:40.091Z"
    },
    "updatedAt": {
      "$date": "2023-10-18T15:24:40.091Z"
    },
    "__v": 0
  },
  {
    "_id": {
      "$oid": "653009d281d787d2ae6ea7b1"
    },
    "author": {
      "$oid": "653009700d413b9ac00c2ae0"
    },
    "imageUrl": "http://res.cloudinary.com/djlpbc9dz/image/upload/v1697647057/upload/k9ndek6afgmvjvrtvodf.jpg",
    "text": null,
    "likes": [],
    "createdAt": {
      "$date": "2023-10-18T16:37:38.039Z"
    },
    "updatedAt": {
      "$date": "2023-10-18T16:37:38.039Z"
    },
    "__v": 0
  },
  {
    "_id": {
      "$oid": "653143e1b55213fb161a08b0"
    },
    "author": {
      "$oid": "652beb7d851cefc4c5eb95b3"
    },
    "imageUrl": "http://res.cloudinary.com/djlpbc9dz/image/upload/v1697727455/upload/so28zqv2sosbqy52kptt.jpg",
    "text": "Earn Zone Bd",
    "likes": [],
    "createdAt": {
      "$date": "2023-10-19T14:57:37.193Z"
    },
    "updatedAt": {
      "$date": "2023-10-19T14:57:37.193Z"
    },
    "__v": 0
  }
]
