[{
  "_id": {
    "$oid": "652fba3b822e5f662f987bfa"
  },
  "userId": "652aa94a209ab943ff720421",
  "amount": 50,
  "number": "01712345678",
  "method": "bKash",
  "status": "reject",
  "createdAt": {
    "$date": "2023-10-18T10:58:03.434Z"
  },
  "updatedAt": {
    "$date": "2023-10-19T06:19:47.950Z"
  },
  "__v": 0
},
{
  "_id": {
    "$oid": "652fbbaa822e5f662f987c0a"
  },
  "userId": "652aa94a209ab943ff720421",
  "amount": 50,
  "number": "01812345678",
  "method": "Nagad",
  "status": "complete",
  "createdAt": {
    "$date": "2023-10-18T11:04:10.363Z"
  },
  "updatedAt": {
    "$date": "2023-10-19T09:15:13.944Z"
  },
  "__v": 0
},
{
  "_id": {
    "$oid": "652fcc5359b97cb6c0129e1e"
  },
  "userId": "652ba01385b48c147868722d",
  "amount": 1020,
  "number": "01819062270",
  "method": "bKash",
  "status": "complete",
  "createdAt": {
    "$date": "2023-10-18T12:15:15.771Z"
  },
  "updatedAt": {
    "$date": "2023-10-19T14:59:33.163Z"
  },
  "__v": 0
},
{
  "_id": {
    "$oid": "652fcc8259b97cb6c0129e26"
  },
  "userId": "652ba01385b48c147868722d",
  "amount": 980,
  "number": "01819062270",
  "method": "Nagad",
  "status": "complete",
  "createdAt": {
    "$date": "2023-10-18T12:16:02.440Z"
  },
  "updatedAt": {
    "$date": "2023-10-19T06:19:57.349Z"
  },
  "__v": 0
},
{
  "_id": {
    "$oid": "652fcc956fa122df4808d494"
  },
  "userId": "652aa94a209ab943ff720421",
  "amount": 50,
  "number": "01712345678",
  "method": "bKash",
  "status": "complete",
  "createdAt": {
    "$date": "2023-10-18T12:16:21.028Z"
  },
  "updatedAt": {
    "$date": "2023-10-20T04:00:59.913Z"
  },
  "__v": 0
},
{
  "_id": {
    "$oid": "652fcca259b97cb6c0129e2c"
  },
  "userId": "652ba01385b48c147868722d",
  "amount": 1200,
  "number": "01234567234",
  "method": "Rocket",
  "status": "complete",
  "createdAt": {
    "$date": "2023-10-18T12:16:34.429Z"
  },
  "updatedAt": {
    "$date": "2023-10-20T04:06:32.135Z"
  },
  "__v": 0
},
{
  "_id": {
    "$oid": "652fccaa6fa122df4808d49a"
  },
  "userId": "652aa94a209ab943ff720421",
  "amount": 1,
  "number": "01712345678",
  "method": "Nagad",
  "status": "reject",
  "createdAt": {
    "$date": "2023-10-18T12:16:42.873Z"
  },
  "updatedAt": {
    "$date": "2023-10-19T06:20:29.925Z"
  },
  "__v": 0
},
{
  "_id": {
    "$oid": "65300253fef6261ec4d83252"
  },
  "userId": "652beb7d851cefc4c5eb95b3",
  "amount": 100,
  "number": "01701526339",
  "method": "bKash",
  "status": "complete",
  "createdAt": {
    "$date": "2023-10-18T16:05:39.344Z"
  },
  "updatedAt": {
    "$date": "2023-10-20T04:08:09.774Z"
  },
  "__v": 0
},
{
  "_id": {
    "$oid": "6530037f303f32e5f9ad2ba5"
  },
  "userId": "652beb7d851cefc4c5eb95b3",
  "amount": 50,
  "number": "01701526339",
  "method": "Nagad",
  "status": "reject",
  "createdAt": {
    "$date": "2023-10-18T16:10:39.240Z"
  },
  "updatedAt": {
    "$date": "2023-10-20T10:13:13.702Z"
  },
  "__v": 0
},
{
  "_id": {
    "$oid": "6531fa8a5174011bd89d97c5"
  },
  "userId": "652ac5fa36bbdce045e5f82d",
  "amount": 351,
  "number": "12345678909",
  "method": "Nagad",
  "status": "complete",
  "createdAt": {
    "$date": "2023-10-20T03:56:58.593Z"
  },
  "updatedAt": {
    "$date": "2023-10-20T04:17:23.222Z"
  },
  "__v": 0
},
{
  "_id": {
    "$oid": "6531fe873ad1d6971930e3cd"
  },
  "userId": "652ac5fa36bbdce045e5f82d",
  "amount": 1000,
  "number": "12345678945",
  "method": "bKash",
  "status": "reject",
  "createdAt": {
    "$date": "2023-10-20T04:13:59.988Z"
  },
  "updatedAt": {
    "$date": "2023-10-20T04:17:10.861Z"
  },
  "__v": 0
},
{
  "_id": {
    "$oid": "6531ff1c3ad1d6971930e3e3"
  },
  "userId": "652ac5fa36bbdce045e5f82d",
  "amount": 1000,
  "number": "12345678909",
  "method": "Rocket",
  "status": "complete",
  "createdAt": {
    "$date": "2023-10-20T04:16:28.088Z"
  },
  "updatedAt": {
    "$date": "2023-10-20T04:17:00.529Z"
  },
  "__v": 0
},
{
  "_id": {
    "$oid": "6532cd6e459f04e5b9780db8"
  },
  "userId": "652beb7d851cefc4c5eb95b3",
  "amount": 500,
  "number": "01753770832",
  "method": "bKash",
  "status": "reject",
  "createdAt": {
    "$date": "2023-10-20T18:56:46.668Z"
  },
  "updatedAt": {
    "$date": "2023-10-20T18:57:53.466Z"
  },
  "__v": 0
},
{
  "_id": {
    "$oid": "6533171e5f7287b5339accc3"
  },
  "userId": "652beb7d851cefc4c5eb95b3",
  "amount": 100,
  "number": "01753770832",
  "method": "Nagad",
  "status": "complete",
  "createdAt": {
    "$date": "2023-10-21T00:11:10.350Z"
  },
  "updatedAt": {
    "$date": "2023-10-21T00:13:10.761Z"
  },
  "__v": 0
},
{
  "_id": {
    "$oid": "6533bde8793cfac284117c50"
  },
  "userId": "652beb7d851cefc4c5eb95b3",
  "amount": 100,
  "number": "01753770832",
  "method": "bKash",
  "status": "reject",
  "createdAt": {
    "$date": "2023-10-21T12:02:48.278Z"
  },
  "updatedAt": {
    "$date": "2023-10-21T12:03:51.947Z"
  },
  "__v": 0
},
{
  "_id": {
    "$oid": "6533be5f793cfac284117c61"
  },
  "userId": "652beb7d851cefc4c5eb95b3",
  "amount": 100,
  "number": "01753770832",
  "method": "Nagad",
  "status": "complete",
  "createdAt": {
    "$date": "2023-10-21T12:04:47.854Z"
  },
  "updatedAt": {
    "$date": "2023-10-21T12:07:27.587Z"
  },
  "__v": 0
},
{
  "_id": {
    "$oid": "653483858cb5b12fcb938500"
  },
  "userId": "652ac5fa36bbdce045e5f82d",
  "amount": 6000,
  "number": "12345678901",
  "method": "bKash",
  "status": "complete",
  "createdAt": {
    "$date": "2023-10-22T02:05:57.381Z"
  },
  "updatedAt": {
    "$date": "2023-10-22T02:06:08.070Z"
  },
  "__v": 0
},
{
  "_id": {
    "$oid": "653483a764dd4625534425ea"
  },
  "userId": "652ac5fa36bbdce045e5f82d",
  "amount": 200000,
  "number": "12345678901",
  "method": "bKash",
  "status": "reject",
  "createdAt": {
    "$date": "2023-10-22T02:06:31.492Z"
  },
  "updatedAt": {
    "$date": "2023-10-22T02:06:54.199Z"
  },
  "__v": 0
},
{
  "_id": {
    "$oid": "653485728cb5b12fcb938528"
  },
  "userId": "652ac5fa36bbdce045e5f82d",
  "amount": 12000,
  "number": "12345678901",
  "method": "bKash",
  "status": "reject",
  "createdAt": {
    "$date": "2023-10-22T02:14:10.897Z"
  },
  "updatedAt": {
    "$date": "2023-10-22T02:15:35.160Z"
  },
  "__v": 0
},
{
  "_id": {
    "$oid": "653485c1819925f4f6091ceb"
  },
  "userId": "652ac5fa36bbdce045e5f82d",
  "amount": 500,
  "number": "12345678901",
  "method": "bKash",
  "status": "complete",
  "createdAt": {
    "$date": "2023-10-22T02:15:29.680Z"
  },
  "updatedAt": {
    "$date": "2023-10-22T02:15:43.500Z"
  },
  "__v": 0
},
{
  "_id": {
    "$oid": "65348aaa29fdfeadacff2f2f"
  },
  "userId": "652beb7d851cefc4c5eb95b3",
  "amount": 88,
  "number": "01753770832",
  "method": "Nagad",
  "status": "reject",
  "createdAt": {
    "$date": "2023-10-22T02:36:26.462Z"
  },
  "updatedAt": {
    "$date": "2023-10-22T02:39:01.568Z"
  },
  "__v": 0
},
{
  "_id": {
    "$oid": "65348c263dc48c2abdc46859"
  },
  "userId": "652beb7d851cefc4c5eb95b3",
  "amount": 400,
  "number": "01753770832",
  "method": "bKash",
  "status": "complete",
  "createdAt": {
    "$date": "2023-10-22T02:42:46.551Z"
  },
  "updatedAt": {
    "$date": "2023-10-22T02:43:33.848Z"
  },
  "__v": 0
},
{
  "_id": {
    "$oid": "653490f7e89a3fa8d3cda530"
  },
  "userId": "652beb7d851cefc4c5eb95b3",
  "amount": 500,
  "number": "01753770832",
  "method": "bKash",
  "status": "reject",
  "createdAt": {
    "$date": "2023-10-22T03:03:19.032Z"
  },
  "updatedAt": {
    "$date": "2023-10-22T03:05:17.768Z"
  },
  "__v": 0
},
{
  "_id": {
    "$oid": "6535f38e26fefba3004deb23"
  },
  "userId": "230002",
  "amount": 10,
  "number": "01712345678",
  "method": "bKash",
  "status": "complete",
  "createdAt": {
    "$date": "2023-10-23T04:16:14.184Z"
  },
  "updatedAt": {
    "$date": "2023-10-23T04:51:36.658Z"
  },
  "__v": 0
},
{
  "_id": {
    "$oid": "6535fa65e3924c9da164a5f4"
  },
  "userId": "230002",
  "amount": 50,
  "number": "01712345678",
  "method": "Rocket",
  "status": "reject",
  "createdAt": {
    "$date": "2023-10-23T04:45:25.220Z"
  },
  "updatedAt": {
    "$date": "2023-10-23T04:59:14.247Z"
  },
  "__v": 0
},
{
  "_id": {
    "$oid": "6535fdfde3924c9da164a665"
  },
  "userId": "230002",
  "amount": 1,
  "number": "01704123456",
  "method": "bKash",
  "status": "complete",
  "createdAt": {
    "$date": "2023-10-23T05:00:45.943Z"
  },
  "updatedAt": {
    "$date": "2023-10-23T05:04:18.174Z"
  },
  "__v": 0
},
{
  "_id": {
    "$oid": "6535feb0e3924c9da164a680"
  },
  "userId": "230002",
  "amount": 1,
  "number": "01704123456",
  "method": "bKash",
  "status": "complete",
  "createdAt": {
    "$date": "2023-10-23T05:03:44.506Z"
  },
  "updatedAt": {
    "$date": "2023-10-23T05:05:26.152Z"
  },
  "__v": 0
},
{
  "_id": {
    "$oid": "6535febde3924c9da164a68b"
  },
  "userId": "230002",
  "amount": 10,
  "number": "01412345678",
  "method": "bKash",
  "status": "complete",
  "createdAt": {
    "$date": "2023-10-23T05:03:57.111Z"
  },
  "updatedAt": {
    "$date": "2023-10-23T06:43:20.166Z"
  },
  "__v": 0
},
{
  "_id": {
    "$oid": "653615666dff821a1b366096"
  },
  "userId": "230002",
  "amount": 20,
  "number": "01701123456",
  "method": "bKash",
  "status": "reject",
  "createdAt": {
    "$date": "2023-10-23T06:40:38.669Z"
  },
  "updatedAt": {
    "$date": "2023-10-23T06:40:57.654Z"
  },
  "__v": 0
},
{
  "_id": {
    "$oid": "653672c7bc1ef8e8e0642253"
  },
  "userId": "230002",
  "amount": 100,
  "number": "01712345678",
  "method": "bKash",
  "status": "reject",
  "createdAt": {
    "$date": "2023-10-23T13:19:03.728Z"
  },
  "updatedAt": {
    "$date": "2023-10-23T13:19:47.234Z"
  },
  "__v": 0
},
{
  "_id": {
    "$oid": "6536818966144066ea5d35b8"
  },
  "userId": "230002",
  "amount": 100,
  "number": "01712345678",
  "method": "bKash",
  "status": "complete",
  "createdAt": {
    "$date": "2023-10-23T14:22:01.758Z"
  },
  "updatedAt": {
    "$date": "2023-10-23T14:22:27.948Z"
  },
  "__v": 0
},
{
  "_id": {
    "$oid": "6536819666144066ea5d35c3"
  },
  "userId": "230002",
  "amount": 50,
  "number": "01712345678",
  "method": "bKash",
  "status": "reject",
  "createdAt": {
    "$date": "2023-10-23T14:22:14.653Z"
  },
  "updatedAt": {
    "$date": "2023-10-23T14:22:51.619Z"
  },
  "__v": 0
}]